datetime,lat,lon,p,t,s,o2_t,fchl,fdom,par,tilt,tilt_std,bbp,cphyto,o2_c,sigma,chla_adj,poc
2018-09-24 07:28:03,53.2077,-29.0197,0.4,11.062,34.615,-0.0036610392767,2.83554,1.86775,0.00488233836992,8.2,nan,0.002122621086,35.7138249848,13.2794745475,26.4680957732,1.21402586207,60.7874841082
2018-09-24 07:28:03,53.2077,-29.0197,2.0,11.069,34.613,-0.00366103927619,2.77858,1.8798,0.00580877828832,6.4,nan,0.00208509136351,35.0928062768,13.2787737936,26.4653140378,1.18947413793,59.4581062782
2018-09-24 07:28:03,53.2077,-29.0197,4.0,11.072,34.613,-0.00366103927571,2.72874,1.8798,0.00580877828832,4.3,1.96,0.00210261607596,35.3827944132,13.2776526857,26.4648230964,1.16799137931,60.0788666427
2018-09-24 07:28:03,53.2077,-29.0197,6.0,11.071,34.613,-0.003661039276,2.72518,1.8798,0.00534555832912,4.2,1.89,0.00211262655116,35.5484415847,13.2729243461,26.4650559321,1.16645689655,60.4334576953
2018-09-24 07:28:03,53.2077,-29.0197,8.0,11.071,34.613,-0.0036610392761,2.96726,1.89185,0.00534555832912,3.9,1.94,0.00209009995959,35.1756854365,13.2755509352,26.465107828,1.27080172414,59.6355207686
2018-09-24 07:28:03,53.2077,-29.0197,10.0,11.074,34.613,-0.00366103927577,2.8658,1.8798,0.00534555832912,2.8,1.07,0.00210261876221,35.3828388636,13.2685131744,26.464616905,1.22706896552,60.0789617951
2018-09-24 07:28:03,53.2077,-29.0197,12.0,11.074,34.613,-0.00366103927592,2.75188,1.8798,0.00580877828832,2.1,1.06,0.0020625714883,34.720161267,13.2651710368,26.4646544757,1.17796551724,58.6604072587
2018-09-24 07:28:03,53.2077,-29.0197,14.0,11.074,34.613,-0.00366103927606,2.68246,1.8798,0.00534555832912,2.3,1.31,0.00201751830516,33.9746489707,13.264033906,26.464692054,1.14804310345,57.0645334052
2018-09-24 07:28:03,53.2077,-29.0197,16.0,11.074,34.613,-0.00366103927638,2.73408,1.8798,0.00488233836992,2.2,0.99,0.00203754194211,34.305987769,13.2544694548,26.4647296399,1.17029310345,57.7738106735
2018-09-24 07:28:03,53.2077,-29.0197,18.0,11.073,34.613,-0.00366103927667,2.80172,1.8798,0.00580877828832,2.7,1.02,0.00205506128137,34.5958869932,13.2465553024,26.4649481653,1.19944827586,58.3943807086
2018-09-24 07:28:03,53.2077,-29.0197,20.0,11.073,34.613,-0.00366103927703,2.74832,1.8798,0.00580877828832,2.2,0.84,0.00208009082756,35.0100604911,13.2399386156,26.4649857614,1.17643103448,59.2809772939
2018-09-24 07:28:03,53.2077,-29.0197,22.0,11.072,34.613,-0.0036610392774,2.6344,1.8798,0.00534555832912,1.9,0.61,0.00209260425748,35.217125014,13.2307102567,26.4652666644,1.12732758621,59.7242280086
2018-09-24 07:28:03,53.2077,-29.0197,24.0,11.07,34.613,-0.00366103927807,3.293,1.8798,0.00534555832912,1.8,0.55,0.00215517543632,36.2525143018,13.2234938024,26.4657284421,1.41120689655,61.9406243054
2018-09-24 07:28:03,53.2077,-29.0197,26.0,11.07,34.613,-0.00366103927845,2.74832,1.89185,0.00580877828832,1.9,0.66,0.00212013407165,35.6726714048,13.2145412475,26.465828434,1.17643103448,60.699389086
2018-09-24 07:28:03,53.2077,-29.0197,28.0,11.069,34.613,-0.00366103927893,2.84088,1.89185,0.00580877828832,1.7,0.37,0.00206256477194,34.7200501286,13.2068315481,26.4661093006,1.21632758621,58.6601693515
2018-09-24 07:28:03,53.2077,-29.0197,30.2,11.066,34.614,-0.00366103927993,2.88538,1.8798,0.00534555832912,1.7,0.28,0.00202000791758,34.0158455421,13.1940701184,26.4675364411,1.23550862069,57.1527204567
2018-09-24 07:28:03,53.2077,-29.0197,32.1,11.065,34.614,-0.00366103928127,2.75366,1.89185,0.00534555832912,1.7,0.39,0.00199747998213,33.6430671563,13.1751829775,26.4677754096,1.17873275862,56.354735927
2018-09-24 07:28:03,53.2077,-29.0197,34.0,11.061,34.616,-0.00366103928423,2.5276,1.89185,0.00580877828832,1.7,0.28,0.00209508464604,35.2581689545,13.116710482,26.4701137276,1.08129310345,59.8120883321
2018-09-24 07:28:03,53.2077,-29.0197,35.9,11.03,34.635,-0.00366103929342,1.7889,1.91595,0.00673521820671,1.7,0.23,0.00182968042721,30.8664235818,12.8973702227,26.490563783,0.762887931034,50.4109400926
2018-09-24 07:28:03,53.2077,-29.0197,37.9,10.797,34.63,-0.00366103933472,0.97722,1.98825,0.00719843816591,1.7,0.21,0.00143891580104,24.400291482,12.5551889282,26.5285109133,0.413025862069,36.5692755044
2018-09-24 07:28:03,53.2077,-29.0197,40.0,10.416,34.626,-0.003661039398,0.77608,2.0244,0.00673521820671,1.6,0.16,0.00127320181131,21.6581585544,12.3606928239,26.5925863707,0.326327586207,30.6993545602
2018-09-24 07:28:03,53.2077,-29.0197,42.0,10.119,34.629,-0.00366103944193,0.92204,2.03645,0.00627199824751,1.7,0.2,0.00241912447563,40.6201802611,12.2682930001,26.6462905045,0.38924137931,71.2902271759
2018-09-24 07:28:03,53.2077,-29.0197,44.0,10.004,34.625,-0.00366103946174,1.07512,2.03645,0.00627199824751,1.7,0.13,0.0013351895212,22.6838929578,12.1994535345,26.6628480935,0.455224137931,32.8950832198
2018-09-24 07:28:03,53.2077,-29.0197,46.0,9.744,34.62,-0.00366103950195,0.8099,2.0485,0.00673521820671,1.7,0.14,0.001197159764,20.3998616409,12.1036309357,26.7028578152,0.340905172414,28.0057931605
2018-09-24 07:28:03,53.2077,-29.0197,48.0,9.641,34.617,-0.00366103952013,0.68352,2.1449,0.00719843816591,1.7,0.1,0.00115947074651,19.7762070174,12.052699289,26.7177498065,0.286431034483,26.670772783
2018-09-24 07:28:03,53.2077,-29.0197,50.0,9.62,34.617,-0.0036610395241,0.84194,2.06055,0.0076616581251,1.7,0.12,0.00125705473979,21.3909667706,12.0350592643,26.7212949377,0.354715517241,30.1273929927
2018-09-24 07:28:03,53.2077,-29.0197,52.0,9.629,34.617,-0.00366103952397,0.70132,2.0726,0.0076616581251,1.7,0.11,0.00141225131892,23.9590640725,12.0203245436,26.7198435757,0.294103448276,35.6247662189
2018-09-24 07:28:03,53.2077,-29.0197,54.0,9.628,34.617,-0.00366103952575,0.70488,2.0485,0.00719843816591,1.7,0.08,0.00129210800952,21.9710066654,11.9984263413,26.7200530827,0.295637931034,31.3690499133
2018-09-24 07:28:03,53.2077,-29.0197,56.0,9.629,34.616,-0.00366103952729,0.77252,2.0726,0.0085880980435,1.7,0.07,0.00290401489479,48.6438479479,11.9640973744,26.7191487357,0.324793103448,88.4660156031
2018-09-24 07:28:03,53.2077,-29.0197,58.0,9.61,34.613,-0.00366103953347,0.69598,2.169,0.0085880980435,1.7,0.12,0.00144477193846,24.4971952333,11.8904222178,26.7200013056,0.291801724138,36.7767116041
2018-09-24 07:28:03,53.2077,-29.0197,60.0,9.435,34.604,-0.00366103956577,0.54646,2.0967,0.0085880980435,1.7,0.1,0.00125430880739,21.3455287744,11.7227227603,26.7418796301,0.227353448276,30.0301265754
2018-09-24 07:28:03,53.2077,-29.0197,62.0,9.138,34.592,-0.00366103962053,0.47526,2.1208,0.0085880980435,1.8,0.09,0.00103863414868,17.7766775008,11.4707770605,26.780794543,0.196663793103,22.3904988146
2018-09-24 07:28:03,53.2077,-29.0197,64.0,8.298,34.583,-0.00366103974997,0.2848,2.1449,0.00905131800269,1.7,0.09,0.000724460502628,12.5779257162,11.2216726739,26.9052309975,0.114568965517,11.2618399241
2018-09-24 07:28:03,53.2077,-29.0197,66.0,8.158,34.583,-0.00366103977139,0.28658,2.1449,0.00905131800269,1.7,0.08,0.00150014789767,25.4135224631,11.1610121162,26.9264454725,0.115336206897,38.7382388311
2018-09-24 07:28:03,53.2077,-29.0197,68.0,7.903,34.593,-0.00366103981328,0.18512,2.18105,0.00951453796189,1.7,0.07,0.000756322163698,13.1051528387,11.063639983,26.9723694458,0.0716034482759,12.3904436825
2018-09-24 07:28:03,53.2077,-29.0197,70.0,7.705,34.597,-0.00366103984688,0.18334,2.15695,0.0085880980435,1.7,0.06,0.000670878851153,11.6912895845,10.9732344474,27.0046000528,0.0708362068966,9.36387066554
2018-09-24 07:28:03,53.2077,-29.0197,72.0,7.544,34.602,-0.00366103987277,0.18512,2.169,0.0085880980435,1.8,0.06,0.000615527272953,10.7753657966,10.8662537484,27.031877027,0.0716034482759,7.40320706255
2018-09-24 07:28:03,53.2077,-29.0197,74.0,7.413,34.605,-0.00366103989387,0.14774,2.15695,0.0085880980435,1.7,0.09,0.000522685539038,9.23907802732,10.7825634074,27.0530309995,0.0554913793103,4.11456716379
2018-09-24 07:28:03,53.2077,-29.0197,76.0,7.236,34.625,-0.00366103992402,0.12104,2.37385,0.0081248780843,1.9,0.09,0.0013407920507,22.7766001617,10.6750332024,27.0938584493,0.0439827586207,33.0935360199
2018-09-24 07:28:03,53.2077,-29.0197,78.0,7.078,34.649,-0.00366103994755,0.12638,2.13285,0.0081248780843,1.8,0.08,0.00216392361905,36.3972738357,10.6246670747,27.1348831227,0.0462844827586,62.2505024339
2018-09-24 07:28:03,53.2077,-29.0197,80.0,7.011,34.686,-0.00366103995762,0.10324,2.08465,0.0081248780843,1.7,0.05,0.00276691860576,46.3752630866,10.6659358198,27.1733568578,0.0363103448276,83.6097908531
2018-09-24 07:28:03,53.2077,-29.0197,82.0,7.088,34.728,-0.00366103994122,0.06408,2.03645,0.0085880980435,1.8,0.08,0.000461720712893,8.23026967342,10.9584906539,27.1957990194,0.0194310344828,1.95507109211
2018-09-24 07:28:03,53.2077,-29.0197,84.0,7.413,34.813,-0.0036610398936,0.06586,1.9039,0.0085880980435,1.8,0.06,0.00156085696288,26.4180986428,11.1603633864,27.2168977506,0.0201982758621,40.8886753391
2018-09-24 07:28:03,53.2077,-29.0197,86.0,7.36,34.815,-0.0036610399026,0.2225,2.3377,0.0085880980435,1.7,0.06,0.00483462470716,80.5903887653,11.1571063273,27.2260792732,0.0877155172414,156.852076377
2018-09-24 07:28:03,53.2077,-29.0197,88.0,7.302,34.815,-0.00366103991312,0.05696,1.94005,0.0085880980435,1.7,0.07,0.00042682106299,7.65277178493,11.1561336635,27.2343650487,0.0163620689655,0.718855693248
2018-09-24 07:28:03,53.2077,-29.0197,90.0,7.253,34.815,-0.00366103992033,0.10324,3.57885,0.0085880980435,1.8,0.06,0.00188345541064,31.7562588515,11.1810606864,27.2413430712,0.0363103448276,52.3157575557
2018-09-24 07:28:03,53.2077,-29.0197,92.0,7.233,34.819,-0.00366103992373,0.25098,2.4341,0.00905131800269,1.8,0.08,0.00562032112034,93.5916085731,11.2260746699,27.2473590986,0.0999913793103,184.683014725
2018-09-24 07:28:03,53.2077,-29.0197,94.0,7.212,34.825,-0.00366103992737,0.04806,1.91595,0.00905131800269,1.8,0.05,0.000456673074867,8.14674447158,11.2467922351,27.2550863924,0.012525862069,1.77627365793
2018-09-24 07:28:03,53.2077,-29.0197,96.0,7.181,34.825,-0.0036610399324,0.04806,1.91595,0.00905131800269,1.8,0.06,0.000441601138423,7.89734336023,11.2505368788,27.2594901794,0.012525862069,1.24239552522
2018-09-24 07:28:03,53.2077,-29.0197,98.0,7.161,34.825,-0.003661039936,0.23496,2.0485,0.0085880980435,1.8,0.07,0.0039331878033,65.67396668,11.2639331987,27.2623414142,0.0930862068966,124.921378369
2018-09-24 07:28:03,53.2077,-29.0197,100.0,7.143,34.827,-0.0036610399389,0.0445,1.89185,0.0081248780843,1.7,0.07,0.00242637222064,40.7401114768,11.2867801824,27.266483042,0.0109913793103,71.5469567997
2018-09-24 07:28:03,53.2077,-29.0197,102.0,7.121,34.827,-0.00366103994297,0.28836,3.1089,0.0085880980435,1.8,0.06,0.00547242936557,91.144387001,11.2876380428,27.2696026668,0.116103448276,179.444392987
2018-09-24 07:28:03,53.2077,-29.0197,104.0,7.114,34.827,-0.0036610399444,0.05518,2.7233,0.0085880980435,1.8,0.05,0.00443619385173,73.9974006305,11.2859224015,27.2706198939,0.0155948275862,142.738858616
2018-09-24 07:28:03,53.2077,-29.0197,106.0,7.111,34.829,-0.00366103994529,0.03916,1.89185,0.0081248780843,1.8,0.05,0.000406426301321,7.31529184364,11.2839212219,27.2726530868,0.00868965517241,-0.00356755461693
2018-09-24 07:28:03,53.2077,-29.0197,108.0,7.094,34.829,-0.00366103994856,0.04272,1.89185,0.0085880980435,1.8,0.04,0.000443940716981,7.93605726368,11.280777385,27.2750648128,0.010224137931,1.3252680769
2018-09-24 07:28:03,53.2077,-29.0197,110.0,7.066,34.827,-0.00366103995327,0.0445,1.89185,0.00905131800269,1.8,0.07,0.00186807791501,31.5018015351,11.2753496363,27.2774293782,0.0109913793103,51.7710559054
2018-09-24 07:28:03,53.2077,-29.0197,112.0,7.035,34.825,-0.00366103995843,0.18156,1.98825,0.00905131800269,1.8,0.06,0.00460375795181,76.7701480436,11.2497536528,27.2802013201,0.0700689655172,148.674314169
2018-09-24 07:28:03,53.2077,-29.0197,114.0,7.007,34.824,-0.00366103996305,0.0356,1.8798,0.0085880980435,1.8,0.06,0.000421273954644,7.5609816562,11.2291999423,27.2833345318,0.00715517241379,0.522366021397
2018-09-24 07:28:03,53.2077,-29.0197,116.0,7.011,34.825,-0.00366103996297,0.04094,1.86775,0.00905131800269,1.8,0.07,0.000413769495259,7.43680248932,11.2071326369,27.2836069083,0.00945689655172,0.256543061051
2018-09-24 07:28:03,53.2077,-29.0197,118.0,6.993,34.824,-0.00366103996655,0.04094,1.8798,0.00905131800269,1.8,0.05,0.000423752127022,7.60198892474,11.186673644,27.2853495601,0.00945689655172,0.610147843368
2018-09-24 07:28:03,53.2077,-29.0197,120.0,6.958,34.821,-0.00366103997276,0.04272,2.0003,0.00905131800269,1.8,0.07,0.000461242417034,8.22235512843,11.1576561394,27.2878591676,0.010224137931,1.93812889617
2018-09-24 07:28:03,53.2077,-29.0197,122.0,6.905,34.817,-0.00366103998125,0.03026,1.91595,0.00905131800269,1.8,0.05,0.00042111162868,7.55829558623,11.1270437395,27.2920403928,0.00485344827586,0.516616111094
2018-09-24 07:28:03,53.2077,-29.0197,124.0,6.86,34.812,-0.00366103998833,0.03382,1.89185,0.0085880980435,1.8,0.04,0.000401021140494,7.22585057494,11.1094965484,27.2943067284,0.00638793103448,-0.195029161424
2018-09-24 07:28:03,53.2077,-29.0197,126.0,6.836,34.811,-0.00366103999298,0.03382,1.9039,0.00905131800269,1.7,0.06,0.000393472074766,7.10093328981,11.0753410541,27.2968371421,0.00638793103448,-0.46243216764
2018-09-24 07:28:03,53.2077,-29.0197,128.0,6.799,34.809,-0.00366103999919,0.0356,1.91595,0.00905131800269,1.8,0.05,0.000395914156517,7.14134335291,11.0504349599,27.300339251,0.00715517241379,-0.375928747846
2018-09-24 07:28:03,53.2077,-29.0197,130.0,6.777,34.809,-0.00366104000294,0.0356,1.94005,0.00905131800269,1.8,0.07,0.000385862888552,6.97502116794,11.0267779215,27.3033652714,0.00715517241379,-0.731964761712
2018-09-24 07:28:03,53.2077,-29.0197,132.0,6.739,34.807,-0.00366104000918,0.03916,1.928,0.00951453796189,1.8,0.06,0.000405823617665,7.30531900609,11.009422149,27.3069777198,0.00868965517241,-0.0249158150832
2018-09-24 07:28:03,53.2077,-29.0197,134.0,6.694,34.803,-0.0036610400171,0.0356,1.91595,0.00951453796189,1.8,0.05,0.000440794657474,7.88399821073,10.9844186943,27.3099413031,0.00715517241379,1.21382835704
2018-09-24 07:28:03,53.2077,-29.0197,136.0,6.649,34.8,-0.00366104002476,0.03916,1.94005,0.00951453796189,1.8,0.05,0.000410685980425,7.38577838706,10.9616913893,27.3136699059,0.00868965517241,0.14731879862
2018-09-24 07:28:03,53.2077,-29.0197,138.0,6.626,34.798,-0.00366104002842,0.0356,1.928,0.00951453796189,1.8,0.04,0.000435679269728,7.79935192831,10.9503145938,27.3152146342,0.00715517241379,1.03263109231
2018-09-24 07:28:03,53.2077,-29.0197,140.0,6.589,34.797,-0.00366104003417,0.03916,1.928,0.00905131800269,1.8,0.04,0.000423100102724,7.59119962868,10.9434265076,27.3194156167,0.00868965517241,0.587051838696
2018-09-24 07:28:03,53.2077,-29.0197,142.0,6.538,34.793,-0.0036610400429,0.03738,1.94005,0.00905131800269,1.8,0.04,0.000428024043511,7.67267796485,10.9267789784,27.3230997014,0.0079224137931,0.761467669231
2018-09-24 07:28:03,53.2077,-29.0197,144.0,6.518,34.79,-0.00366104004676,0.03738,1.91595,0.00905131800269,1.8,0.06,0.000765894539454,13.2635506106,10.9138672828,27.3234265992,0.0079224137931,12.7295163766
2018-09-24 07:28:03,53.2077,-29.0197,146.0,6.487,34.789,-0.00366104005146,0.03204,1.928,0.00951453796189,1.7,0.06,0.000415427022812,7.46423023329,10.8936439941,27.3267859383,0.00562068965517,0.315256002049
2018-09-24 07:28:03,53.2077,-29.0197,148.0,6.467,34.79,-0.00366104005513,0.03204,1.928,0.0085880980435,1.8,0.05,0.000410381883715,7.3807463822,10.8626771422,27.3302571468,0.00562068965517,0.136547084964
2018-09-24 07:28:03,53.2077,-29.0197,150.0,6.462,34.79,-0.00366104005611,0.03026,1.94005,0.0085880980435,1.8,0.05,0.000422887513786,7.587681838,10.8223680141,27.3309512572,0.00485344827586,0.579521513315
2018-09-24 07:28:03,53.2077,-29.0197,152.0,6.451,34.791,-0.00366104005835,0.04094,1.9521,0.00951453796189,1.8,0.05,0.000447894249088,8.00147787536,10.7786548355,27.3332263722,0.00945689655172,1.4653100912
2018-09-24 07:28:03,53.2077,-29.0197,154.0,6.417,34.79,-0.00366104006466,0.03382,1.9521,0.00905131800269,1.8,0.04,0.000427811010346,7.66915282339,10.7226483551,27.3369548495,0.00638793103448,0.753921608466
2018-09-24 07:28:03,53.2077,-29.0197,156.0,6.371,34.788,-0.00366104007224,0.03738,1.9762,0.00905131800269,1.8,0.05,0.000405205317838,7.29508776179,10.6901894008,27.3414567758,0.0079224137931,-0.0468172315432
2018-09-24 07:28:03,53.2077,-29.0197,158.0,6.336,34.787,-0.00366104007757,0.03382,1.9521,0.0085880980435,1.8,0.03,0.000430173120057,7.70823955848,10.6467829158,27.3452847565,0.00638793103448,0.837592258646
2018-09-24 07:28:03,53.2077,-29.0197,160.0,6.319,34.788,-0.00366104008054,0.0356,1.9521,0.00905131800269,1.9,0.05,0.000402606584426,7.25208552359,10.5929866518,27.3483271459,0.00715517241379,-0.138869566455
2018-09-24 07:28:03,53.2077,-29.0197,162.0,6.319,34.792,-0.00366104008107,0.03382,1.96415,0.00997775792109,1.8,0.07,0.00042011650851,7.54182895122,10.5503811538,27.3515147639,0.00638793103448,0.481366964443
2018-09-24 07:28:03,53.2077,-29.0197,164.0,6.3,34.791,-0.00366104008496,0.0356,1.98825,0.00951453796189,1.8,0.05,0.000412575261247,7.41704104123,10.5112596815,27.3532358352,0.00715517241379,0.214240903891
2018-09-24 07:28:03,53.2077,-29.0197,166.0,6.269,34.789,-0.00366104008982,0.03916,2.0003,0.00905131800269,1.7,0.06,0.00040251151324,7.25051234423,10.4644767027,27.3557252574,0.00868965517241,-0.142237177998
2018-09-24 07:28:03,53.2077,-29.0197,168.0,6.257,34.789,-0.00366104009189,0.0356,1.96415,0.00905131800269,1.8,0.08,0.000422512936938,7.58148357128,10.4146964159,27.3573151935,0.00715517241379,0.566253252227
2018-09-24 07:28:03,53.2077,-29.0197,170.0,6.199,34.784,-0.00366104010168,0.03026,1.98825,0.00951453796189,1.9,0.06,0.000419915853227,7.53850863131,10.3304892587,27.3609152565,0.00485344827586,0.474259352991
2018-09-24 07:28:03,53.2077,-29.0197,172.0,6.105,34.776,-0.00366104011901,0.03738,2.01235,0.00905131800269,1.8,0.09,0.000447294749833,7.99155773132,10.1445825077,27.366729598,0.0079224137931,1.44407462858
2018-09-24 07:28:03,53.2077,-29.0197,174.0,5.991,34.767,-0.00366104013625,0.0356,2.03645,0.00905131800269,1.8,0.08,0.000429584603097,7.6985011427,9.84926573065,27.3741906501,0.00715517241379,0.816745810915
2018-09-24 07:28:03,53.2077,-29.0197,176.0,5.993,34.77,-0.00366104013562,0.03916,2.08465,0.00951453796189,1.8,0.07,0.000412059588617,7.40850800849,9.65616496304,27.37633606,0.00868965517241,0.195974747981
2018-09-24 07:28:03,53.2077,-29.0197,178.0,6.002,34.778,-0.0036610401347,0.0356,2.0967,0.00951453796189,1.8,0.04,0.00041455788644,7.44984830049,9.61187112181,27.3815428832,0.00715517241379,0.28446945348
2018-09-24 07:28:03,53.2077,-29.0197,180.0,5.958,34.778,-0.00366104014196,0.03738,2.1208,0.00905131800269,1.8,0.06,0.000822456650773,14.1995055542,9.63363325167,27.3871502452,0.0079224137931,14.7330594837
2018-09-24 07:28:03,53.2077,-29.0197,182.0,5.927,34.778,-0.00366104014687,0.0356,2.10875,0.00997775792109,1.8,0.04,0.000411913598183,7.40609224881,9.6425200594,27.391095563,0.00715517241379,0.190803474843
2018-09-24 07:28:03,53.2077,-29.0197,184.0,5.913,34.778,-0.00366104014897,0.0356,2.08465,0.00997775792109,1.7,0.05,0.000419396009285,7.52990657429,9.64904309165,27.392888488,0.00715517241379,0.455845440902
2018-09-24 07:28:03,53.2077,-29.0197,186.0,5.887,34.78,-0.00366104015325,0.0356,2.0967,0.00951453796189,1.8,0.05,0.000419341423264,7.52900331847,9.65972818472,27.3977702334,0.00715517241379,0.453911894863
2018-09-24 07:28:03,53.2077,-29.0197,188.1,5.856,34.782,-0.00366104015862,0.03382,2.08465,0.00905131800269,1.8,0.05,0.000431792048612,7.73502859004,9.65755443813,27.4032729625,0.00638793103448,0.894937945948
2018-09-24 07:28:03,53.2077,-29.0197,190.0,5.846,34.783,-0.00366104016043,0.03916,2.10875,0.0085880980435,1.8,0.05,0.000441782191935,7.90033932211,9.65457388324,27.4053426671,0.00868965517241,1.24880880272
2018-09-24 07:28:03,53.2077,-29.0197,192.0,5.844,34.783,-0.00366104016096,0.0356,2.08465,0.00951453796189,1.8,0.04,0.00042926362263,7.69318975584,9.65062124755,27.405619996,0.00715517241379,0.805376040804
2018-09-24 07:28:03,53.2077,-29.0197,194.0,5.843,34.783,-0.00366104016143,0.03738,2.1208,0.00905131800269,1.8,0.05,0.000421752860498,7.56890629499,9.65299497779,27.4057720191,0.0079224137931,0.539329824552
2018-09-24 07:28:03,53.2077,-29.0197,196.0,5.827,34.786,-0.00366104016453,0.03382,2.08465,0.0085880980435,1.8,0.05,0.000429223231869,7.69252139443,9.67003447202,27.4101737061,0.00638793103448,0.803945319272
2018-09-24 07:28:03,53.2077,-29.0197,198.0,5.806,34.787,-0.00366104016812,0.03382,2.1208,0.00905131800269,1.8,0.04,0.000476736737986,8.47874559821,9.70188963857,27.4136153536,0.00638793103448,2.48696873294
2018-09-24 07:28:03,53.2077,-29.0197,200.0,5.798,34.787,-0.00366104016945,0.03738,2.0967,0.0085880980435,1.8,0.03,0.000426662420932,7.65014667395,9.75351071431,27.4146403294,0.0079224137931,0.713236274237
2018-09-24 07:28:03,53.2077,-29.0197,202.0,5.795,34.785,-0.00366104017052,0.0356,2.08465,0.0081248780843,1.8,0.03,0.000431668023602,7.73297630063,9.86863332436,27.413459413,0.00715517241379,0.890544732017
2018-09-24 07:28:03,53.2077,-29.0197,204.0,5.759,34.78,-0.00366104017663,0.03382,2.0726,0.00905131800269,1.8,0.04,0.00043411588304,7.77348196934,10.0659403608,27.4140120467,0.00638793103448,0.977252809053
2018-09-24 07:28:03,53.2077,-29.0197,206.0,5.59,34.766,-0.00366104020378,0.03382,2.0244,0.00905131800269,1.8,0.05,0.00045385338259,8.10008594232,10.1656548161,27.4237987566,0.00638793103448,1.6763945181
2018-09-24 07:28:03,53.2077,-29.0197,208.0,5.571,34.764,-0.003661040207,0.03382,2.03645,0.00905131800269,1.8,0.04,0.000438804443306,7.85106537378,10.1452870235,27.4245625904,0.00638793103448,1.14333099077
2018-09-24 07:28:03,53.2077,-29.0197,210.0,5.571,34.765,-0.00366104020707,0.03382,2.0485,0.00951453796189,1.8,0.04,0.00044881355329,8.01668995449,10.101916124,27.4253786459,0.00638793103448,1.49787368465
2018-09-24 07:28:03,53.2077,-29.0197,212.0,5.575,34.765,-0.00366104020647,0.03382,2.06055,0.00905131800269,1.8,0.04,0.000438809449412,7.85114821175,10.0221743275,27.4249148337,0.00638793103448,1.14350831708
2018-09-24 07:28:03,53.2077,-29.0197,214.0,5.58,34.776,-0.00366104020598,0.03916,2.0967,0.00905131800269,1.8,0.05,0.000433783392156,7.76798011519,9.95226792586,27.4330341068,0.00868965517241,0.965475316947
2018-09-24 07:28:03,53.2077,-29.0197,216.0,5.571,34.779,-0.00366104020744,0.03382,2.0726,0.00905131800269,1.8,0.04,0.000436260864951,7.80897580747,9.91887669214,27.4365325477,0.00638793103448,1.05323235831
2018-09-24 07:28:03,53.2077,-29.0197,218.0,5.556,34.781,-0.0036610402102,0.03738,2.08465,0.00905131800269,1.8,0.03,0.000453747179446,8.09832855817,9.916671608,27.4399705987,0.0079224137931,1.67263259032
2018-09-24 07:28:03,53.2077,-29.0197,220.0,5.507,34.781,-0.00366104021807,0.03382,2.06055,0.00905131800269,1.8,0.04,0.00043112583206,7.72400444929,9.90125206584,27.4459568731,0.00638793103448,0.871339223214
2018-09-24 07:28:03,53.2077,-29.0197,222.0,5.495,34.783,-0.00366104021999,0.03382,2.06055,0.00905131800269,1.8,0.04,0.000551238986852,9.71156287653,9.85589096787,27.4490203457,0.00638793103448,5.12598739228
2018-09-24 07:28:03,53.2077,-29.0197,224.0,5.495,34.787,-0.00366104021994,0.03382,2.0726,0.00905131800269,1.9,0.05,0.000443601099636,7.93043748526,9.80496814168,27.4522112574,0.00638793103448,1.31323815131
2018-09-24 07:28:03,53.2077,-29.0197,226.0,5.498,34.789,-0.00366104021963,0.03382,2.0726,0.00905131800269,1.8,0.03,0.000443601494548,7.93044402003,9.75627440095,27.453455104,0.00638793103448,1.31325213989
2018-09-24 07:28:03,53.2077,-29.0197,228.0,5.514,34.794,-0.0036610402173,0.0356,2.0967,0.0085880980435,1.8,0.03,0.000413583484909,7.43372450474,9.70117325998,27.455495352,0.00715517241379,0.249954202449
2018-09-24 07:28:03,53.2077,-29.0197,230.0,5.519,34.798,-0.00366104021658,0.03204,2.10875,0.00951453796189,1.8,0.05,0.000431103011698,7.72362683202,9.66353063569,27.458078594,0.00562068965517,0.87053088036
2018-09-24 07:28:03,53.2077,-29.0197,232.0,5.505,34.8,-0.00366104021917,0.03382,2.13285,0.00951453796189,1.8,0.05,0.000431070483663,7.72308857815,9.63623906439,27.4613868536,0.00638793103448,0.869378672309
2018-09-24 07:28:03,53.2077,-29.0197,234.0,5.467,34.8,-0.00366104022555,0.02848,2.10875,0.00905131800269,1.9,0.05,0.000446014511381,7.97037313477,9.58569036983,27.4660157889,0.00408620689655,1.39872602213
2018-09-24 07:28:03,53.2077,-29.0197,236.0,5.473,34.805,-0.00366104022374,0.03382,2.13285,0.00951453796189,1.8,0.05,0.000453521475198,8.09459374344,9.52363641028,27.469272703,0.00638793103448,1.66463769446
2018-09-24 07:28:03,53.2077,-29.0197,238.0,5.497,34.811,-0.00366104022042,0.0356,2.10875,0.00951453796189,1.8,0.06,0.000438534047771,7.84659103519,9.49948081457,27.4711389691,0.00715517241379,1.13375304014
2018-09-24 07:28:03,53.2077,-29.0197,240.0,5.489,34.812,-0.00366104022178,0.03916,2.0967,0.00951453796189,1.8,0.06,0.000436012872749,7.80487218542,9.47063377058,27.4729252489,0.00868965517241,1.04444797852
2018-09-24 07:28:03,53.2077,-29.0197,242.0,5.484,34.819,-0.00366104022323,0.03026,2.10875,0.00951453796189,1.8,0.04,0.00040594875677,7.30738973085,9.46111785556,27.4790973494,0.00485344827586,-0.0204831376944
2018-09-24 07:28:03,53.2077,-29.0197,244.0,5.466,34.819,-0.00366104022572,0.04272,2.13285,0.00997775792109,1.8,0.05,0.000435949270546,7.80381973538,9.47527968201,27.4813011424,0.010224137931,1.04219506129
2018-09-24 07:28:03,53.2077,-29.0197,246.0,5.446,34.817,-0.00366104022948,0.04094,2.1208,nan,nan,nan,0.000418395139942,7.5133448055,9.47969573099,27.4821590769,0.00945689655172,0.420392647016
2018-09-24 07:28:03,53.2077,-29.0197,248.0,5.432,34.817,-0.0036610402317,0.03026,2.13285,nan,nan,nan,0.000448403361357,8.00990235128,9.47615108279,27.4838725156,0.00485344827586,1.48334386598
2018-09-24 07:28:03,53.2077,-29.0197,250.0,5.428,34.817,-0.00366104023262,0.03382,2.1449,nan,nan,nan,0.000435880802977,7.80268677625,9.46738319445,27.484378983,0.00638793103448,1.03976980304
2018-09-24 07:28:03,53.2077,-29.0197,252.0,5.424,34.818,-0.00366104023335,0.03382,2.15695,nan,nan,nan,0.000413343714016,7.42975692385,9.45949428824,27.4856770695,0.00638793103448,0.241461037885
2018-09-24 07:28:03,53.2077,-29.0197,254.0,5.42,34.819,-0.00366104023426,0.03382,2.13285,nan,nan,nan,0.000418339123867,7.51241788603,9.45091790424,27.4869752169,0.00638793103448,0.418408445618
2018-09-24 07:28:03,53.2077,-29.0197,256.0,5.399,34.82,-0.00366104023778,0.0356,2.13285,nan,nan,nan,0.000403277762084,7.26319175764,9.44397065228,27.490317987,0.00715517241379,-0.115095111478
2018-09-24 07:28:03,53.2077,-29.0197,258.0,5.403,34.823,-0.00366104023743,0.03916,2.1208,nan,nan,nan,0.000435815839117,7.80161179436,9.45613220527,27.4922372595,0.00868965517241,1.03746865321
2018-09-24 07:28:03,53.2077,-29.0197,260.0,5.39,34.824,-0.0036610402396,0.03204,2.1449,nan,nan,nan,0.000410758227867,7.38697389318,9.49971386352,27.4946156882,0.00562068965517,0.149877947499
2018-09-24 07:28:03,53.2077,-29.0197,262.0,5.339,34.821,-0.0036610402486,0.0356,2.1208,nan,nan,nan,0.000405660799796,7.30262479639,9.54505042676,27.498373266,0.00715517241379,-0.0306831496335
2018-09-24 07:28:03,53.2077,-29.0197,264.0,5.313,34.821,-0.00366104025268,0.03204,2.10875,nan,nan,nan,0.00043314238252,7.75737308296,9.55759695841,27.5015002975,0.00562068965517,0.942769473612
2018-09-24 07:28:03,53.2077,-29.0197,266.0,5.298,34.821,-0.00366104025577,0.03382,2.13285,nan,nan,nan,0.000435615925867,7.79830375315,9.57557045874,27.5033109418,0.00638793103448,1.03038732606
2018-09-24 07:28:03,53.2077,-29.0197,268.0,5.257,34.821,-0.00366104026216,0.03916,2.13285,nan,nan,nan,0.000415511765642,7.46563250538,9.51721134873,27.5082048189,0.00868965517241,0.318257762555
2018-09-24 07:28:03,53.2077,-29.0197,270.0,5.255,34.825,-0.00366104026244,0.03026,2.1208,nan,nan,nan,0.000390467429487,7.0512142723,9.48271860511,27.5116348908,0.00485344827586,-0.568862712723
2018-09-24 07:28:03,53.2077,-29.0197,272.0,5.218,34.822,-0.00366104026868,0.03204,2.1208,nan,nan,nan,0.000407923411079,7.34006509284,9.49359851358,27.5136591424,0.00562068965517,0.0494630672327
2018-09-24 07:28:03,53.2077,-29.0197,274.0,5.184,34.819,-0.00366104027428,0.03382,2.13285,nan,nan,nan,0.00040035561876,7.21483793163,9.47737119907,27.5153138306,0.00638793103448,-0.218603272284
2018-09-24 07:28:03,53.2077,-29.0197,276.0,5.169,34.822,-0.00366104027693,0.03382,2.13285,nan,nan,nan,0.000410329653665,7.37988211153,9.47005321627,27.5194789404,0.00638793103448,0.134696992119
2018-09-24 07:28:03,53.2077,-29.0197,278.0,5.16,34.823,-0.00366104027825,0.03382,2.1449,nan,nan,nan,0.000402800279519,7.25529067057,9.4527714985,27.5213522679,0.00638793103448,-0.132008498865
2018-09-24 07:28:03,53.2077,-29.0197,280.0,5.158,34.825,-0.00366104027869,0.03382,2.13285,nan,nan,nan,0.000437832255444,7.83497820847,9.43096039386,27.5231957346,0.00638793103448,1.10889415233
2018-09-24 07:28:03,53.2077,-29.0197,282.0,5.163,34.831,-0.00366104027807,0.0356,2.1931,nan,nan,nan,0.000420305162908,7.54495068788,9.41785538455,27.5273873426,0.00715517241379,0.488049480531
2018-09-24 07:28:03,53.2077,-29.0197,284.0,5.141,34.831,-0.00366104028208,0.03382,2.1449,nan,nan,nan,0.00271797397107,45.5653574497,9.41577898215,27.5299922706,0.00638793103448,81.8760740032
2018-09-24 07:28:03,53.2077,-29.0197,286.0,5.129,34.832,-0.00366104028383,0.03382,2.1449,nan,nan,nan,0.000400211507899,7.21245327395,9.41595199558,27.5322140306,0.00638793103448,-0.223707967218
2018-09-24 07:28:03,53.2077,-29.0197,288.0,5.126,34.835,-0.00366104028444,0.0356,2.1449,nan,nan,nan,0.000390185593272,7.0465506204,9.42593529121,27.5349665382,0.00715517241379,-0.578845915104
2018-09-24 07:28:03,53.2077,-29.0197,290.0,5.122,34.836,-0.00366104028504,0.03382,2.1449,nan,nan,nan,0.000392677902395,7.08779181507,9.4457069139,27.5362507369,0.00638793103448,-0.490563341379
2018-09-24 07:28:03,53.2077,-29.0197,292.0,5.119,34.837,-0.00366104028562,0.0356,2.1449,nan,nan,nan,0.000397675146893,7.17048313588,9.47876583939,27.5374178056,0.00715517241379,-0.313550946749
2018-09-24 07:28:03,53.2077,-29.0197,294.0,5.101,34.837,-0.00366104028885,0.03204,2.15695,nan,nan,nan,0.000402645348382,7.25272696563,9.53030039513,27.5395445385,0.00562068965517,-0.137496469615
2018-09-24 07:28:03,53.2077,-29.0197,296.0,5.076,34.836,-0.00366104029325,0.0356,2.1449,nan,nan,nan,0.000390083637061,7.04486351188,9.5713378864,27.5416900995,0.00715517241379,-0.582457408021
2018-09-24 07:28:03,53.2077,-29.0197,298.0,5.06,34.835,-0.00366104029602,0.0356,2.13285,nan,nan,nan,0.000380042719439,6.87871259801,9.60195516915,27.5427823176,0.00715517241379,-0.938126792027
2018-09-24 07:28:03,53.2077,-29.0197,300.0,5.035,34.835,-0.00366104030016,0.0356,2.1208,nan,nan,nan,0.000395010672864,7.12639306248,9.63037713416,27.5457083601,0.00715517241379,-0.407931945804
2018-09-24 07:28:03,53.2077,-29.0197,302.0,5.016,34.834,-0.00366104030303,0.03738,2.13285,nan,nan,nan,0.000402484379489,7.25006335163,9.64690771814,27.5471398804,0.0079224137931,-0.143198309751
2018-09-24 07:28:03,53.2077,-29.0197,304.0,4.999,34.834,-0.00366104030596,0.03204,2.1208,nan,nan,nan,0.000517586366803,9.15470006917,9.65521502814,27.549128971,0.00562068965517,3.93394428489
2018-09-24 07:28:03,53.2077,-29.0197,306.0,4.979,34.833,-0.00366104030918,0.03026,2.10875,nan,nan,nan,0.000452472312453,8.07723284523,9.64643326509,27.55066765,0.00485344827586,1.62747425173
2018-09-24 07:28:03,53.2077,-29.0197,308.0,4.981,34.835,-0.00366104030876,0.03738,2.1208,nan,nan,nan,0.000409920640025,7.37311400601,9.61801551107,27.5520462267,0.0079224137931,0.120208910979
2018-09-24 07:28:03,53.2077,-29.0197,310.0,4.981,34.837,-0.00366104030911,0.03382,2.1449,nan,nan,nan,0.000399903380238,7.20735456741,9.63339640018,27.5536554411,0.00638793103448,-0.234622465192
2018-09-24 07:28:03,53.2077,-29.0197,312.0,4.969,34.838,-0.00366104031124,0.02848,2.10875,nan,nan,nan,0.000462450531324,8.24234625882,9.65687748547,27.5558547625,0.00408620689655,1.98092272055
2018-09-24 07:28:03,53.2077,-29.0197,314.0,4.943,34.837,-0.00366104031564,0.03026,2.10875,nan,nan,nan,0.000414845070996,7.45460045345,9.68137779065,27.5580757646,0.00485344827586,0.294642104808
2018-09-24 07:28:03,53.2077,-29.0197,316.0,4.918,34.838,-0.00366104031904,0.03204,2.13285,nan,nan,nan,0.000439821778877,7.86789961555,9.66971332264,27.5617603742,0.00562068965517,1.17936705137
2018-09-24 07:28:03,53.2077,-29.0197,318.0,4.934,34.843,-0.00366104031658,0.03204,2.10875,nan,nan,nan,0.000392284115826,7.08127567773,9.64714495481,27.5639141107,0.00562068965517,-0.504512049206
2018-09-24 07:28:03,53.2077,-29.0197,320.0,4.943,34.846,-0.00366104031538,0.03026,2.1208,nan,nan,nan,0.000409814668985,7.37136046258,9.66567027743,27.565282992,0.00485344827586,0.116455204799
2018-09-24 07:28:03,53.2077,-29.0197,322.0,4.932,34.847,-0.00366104031745,0.03204,2.0967,nan,nan,nan,0.000404783993618,7.28811594837,9.68161601101,27.5673623536,0.00562068965517,-0.0617413780614
2018-09-24 07:28:03,53.2077,-29.0197,324.0,4.917,34.847,-0.00366104031958,0.02848,2.1208,nan,nan,nan,0.000414765728143,7.45328753684,9.67399633303,27.5691055927,0.00408620689655,0.291831622271
2018-09-24 07:28:03,53.2077,-29.0197,326.0,4.914,34.848,-0.00366104032005,0.03026,2.10875,nan,nan,nan,0.000402242213165,7.24605613262,9.63623906443,27.5702655303,0.00485344827586,-0.15177632528
2018-09-24 07:28:03,53.2077,-29.0197,328.0,4.927,34.853,-0.00366104031785,0.03382,2.15695,nan,nan,nan,0.000417272412495,7.49476660395,9.60691166426,27.572764185,0.00638793103448,0.380623395399
2018-09-24 07:28:03,53.2077,-29.0197,330.0,4.931,34.855,-0.00366104031753,0.03382,2.15695,nan,nan,nan,0.000424783854675,7.61906131781,9.62866078566,27.5739146395,0.00638793103448,0.646693700306
2018-09-24 07:28:03,53.2077,-29.0197,332.0,4.918,34.857,-0.00366104031975,0.03204,2.0967,nan,nan,nan,0.000432261200068,7.74279181906,9.66424378858,27.5770149782,0.00562068965517,0.911556228803
2018-09-24 07:28:03,53.2077,-29.0197,334.0,4.887,34.857,-0.00366104032451,0.03026,2.13285,nan,nan,nan,0.000419684166049,7.53467481474,9.66543251233,27.5805853713,0.00485344827586,0.466052529773
2018-09-24 07:28:03,53.2077,-29.0197,336.0,4.899,34.861,-0.00366104032272,0.0267,3.24145,nan,nan,nan,0.000427206256552,7.65914573048,9.65830271315,27.5824094644,0.00331896551724,0.732500019573
2018-09-24 07:28:03,53.2077,-29.0197,338.0,4.915,34.866,-0.00366104032,0.03382,2.1208,nan,nan,nan,0.000407201140691,7.32811340779,9.64904309172,27.5845666752,0.00638793103448,0.0238788055545
2018-09-24 07:28:03,53.2077,-29.0197,340.0,4.92,34.867,-0.00366104031967,0.03204,2.1208,nan,nan,nan,0.000417220272506,7.49390382355,9.64050488388,27.5848098856,0.00562068965517,0.37877649269
2018-09-24 07:28:03,53.2077,-29.0197,342.0,4.894,34.866,-0.00366104032384,0.0356,2.10875,nan,nan,nan,0.000429685555649,7.70017164328,9.61636080507,27.5870165856,0.00715517241379,0.820321752206
2018-09-24 07:28:03,53.2077,-29.0197,344.0,4.911,34.87,-0.00366104032074,0.03204,2.1208,nan,nan,nan,0.000449732454347,8.03189536261,9.59140298546,27.5882670416,0.00562068965517,1.5304229979
2018-09-24 07:28:03,53.2077,-29.0197,346.0,4.924,34.875,-0.00366104031882,0.03204,2.1449,nan,nan,nan,0.00039467993956,7.12092029169,9.56734244336,27.5907660014,0.00562068965517,-0.419647180899
2018-09-24 07:28:03,53.2077,-29.0197,348.0,4.919,34.877,-0.00366104031978,0.03204,2.1449,nan,nan,nan,0.000399670373898,7.20349892215,9.54013082167,27.5929488882,0.00562068965517,-0.242876015795
2018-09-24 07:28:03,53.2077,-29.0197,350.0,4.912,34.878,-0.00366104032115,0.03204,2.15695,nan,nan,nan,0.00043970087504,7.86589897342,9.54645656654,27.5945674703,0.00562068965517,1.17508439568
2018-09-24 07:28:03,53.2077,-29.0197,352.0,4.897,34.88,-0.00366104032359,0.02848,2.1208,nan,nan,nan,0.000414635755616,7.4511368316,9.55085229612,27.5978942052,0.00408620689655,0.287227735427
2018-09-24 07:28:03,53.2077,-29.0197,354.0,4.887,34.882,-0.00366104032517,0.03382,2.1449,nan,nan,nan,0.000394586573525,7.11937532811,9.53006647999,27.6006469495,0.00638793103448,-0.422954392589
2018-09-24 07:28:03,53.2077,-29.0197,356.0,4.883,34.885,-0.00366104032593,0.03204,2.1449,nan,nan,nan,0.000379552637047,6.87060301676,9.51627721122,27.6035064641,0.00562068965517,-0.955486490514
2018-09-24 07:28:03,53.2077,-29.0197,358.0,4.882,34.886,-0.0036610403262,0.03026,2.13285,nan,nan,nan,0.000414589268838,7.45036759706,9.50058785583,27.6044366439,0.00485344827586,0.285581080767
2018-09-24 07:28:03,53.2077,-29.0197,360.0,4.881,34.887,-0.00366104032649,0.03204,2.15695,nan,nan,nan,0.000392057944251,7.07753312996,9.4817883717,27.6053668186,0.00562068965517,-0.512523498734
2018-09-24 07:28:03,53.2077,-29.0197,362.0,4.876,34.889,-0.00366104032712,0.03026,2.13285,nan,nan,nan,0.000379527668298,6.87018984929,9.45879857195,27.6075469873,0.00485344827586,-0.956370933549
2018-09-24 07:28:03,53.2077,-29.0197,364.0,4.883,34.894,-0.00366104032636,0.03204,2.13285,nan,nan,nan,0.000384534054984,6.95303244938,9.44744354303,27.6107367296,0.00562068965517,-0.779034704347
2018-09-24 07:28:03,53.2077,-29.0197,366.0,4.88,34.896,-0.00366104032712,0.03382,2.15695,nan,nan,nan,0.000389528486534,7.03567722324,9.46599048397,27.6126886906,0.00638793103448,-0.602121950002
2018-09-24 07:28:03,53.2077,-29.0197,368.0,4.844,34.895,-0.00366104033325,0.02848,2.1449,nan,nan,nan,0.000376943926649,6.82743568554,9.48853494854,27.6160220007,0.00408620689655,-1.04789223024
2018-09-24 07:28:03,53.2077,-29.0197,370.0,4.82,34.893,-0.00366104033682,0.02848,2.1449,nan,nan,nan,0.000379403903809,6.86814187083,9.50379328788,27.6171851945,0.00408620689655,-0.960754919289
2018-09-24 07:28:03,53.2077,-29.0197,372.0,4.811,34.894,-0.00366104033823,0.03026,2.13285,nan,nan,nan,0.000374377096139,6.7849613569,9.50651013945,27.6190221824,0.00485344827586,-1.13881450056
2018-09-24 07:28:03,53.2077,-29.0197,374.0,4.808,34.894,-0.00366104033888,0.03026,2.15695,nan,nan,nan,0.000389388763173,7.03336516721,9.51000955138,27.6193847812,0.00485344827586,-0.6070712309
2018-09-24 07:28:03,53.2077,-29.0197,376.0,4.801,34.895,-0.00366104034027,0.0267,2.15695,nan,nan,nan,0.000379360075849,6.86741663278,9.51195820136,27.6209939499,0.00331896551724,-0.962307393269
2018-09-24 07:28:03,53.2077,-29.0197,378.0,4.784,34.898,-0.0036610403429,0.03204,2.13285,nan,nan,nan,0.000514477076592,9.10324945186,9.51114134588,27.6253210027,0.00562068965517,3.82380700703
2018-09-24 07:28:03,53.2077,-29.0197,380.0,4.782,34.898,-0.00366104034331,0.03026,2.1449,nan,nan,nan,0.000384319389519,6.94948029762,9.507489825,27.6255695358,0.00485344827586,-0.786638584458
2018-09-24 07:28:03,53.2077,-29.0197,382.0,4.781,34.899,-0.00366104034343,0.03026,2.13285,nan,nan,nan,0.000371799869291,6.74231499607,9.49991196035,27.6264985351,0.00485344827586,-1.23010502996
2018-09-24 07:28:03,53.2077,-29.0197,384.0,4.783,34.9,-0.00366104034323,0.02848,2.1449,nan,nan,nan,0.000394327784583,7.11509304825,9.48806948973,27.6270883821,0.00408620689655,-0.432121214508
2018-09-24 07:28:03,53.2077,-29.0197,386.0,4.785,34.902,-0.00366104034306,0.0267,2.13285,nan,nan,nan,0.000391823430033,7.07365253328,9.48050947247,27.6284717438,0.00331896551724,-0.52083046136
2018-09-24 07:28:03,53.2077,-29.0197,388.0,4.778,34.903,-0.00366104034439,0.03382,2.13285,nan,nan,nan,0.000351759266689,6.41069546065,9.47992822038,27.6300790699,0.00638793103448,-1.93998325535
2018-09-24 07:28:03,53.2077,-29.0197,390.0,4.77,34.903,-0.00366104034568,0.03026,2.13285,nan,nan,nan,0.00035925193362,6.53467949327,9.49078115733,27.6310051537,0.00485344827586,-1.67457800731
2018-09-24 07:28:03,53.2077,-29.0197,392.0,4.763,34.903,-0.00366104034696,0.0356,2.13285,nan,nan,nan,0.000396782074442,7.1557051236,9.51067460767,27.6318176221,0.00715517241379,-0.345185359102
2018-09-24 07:28:03,53.2077,-29.0197,394.0,4.753,34.903,-0.00366104034859,0.03026,2.1449,nan,nan,nan,0.000369229308705,6.69977894442,9.51837916953,27.6329676554,0.00485344827586,-1.32115942704
2018-09-24 07:28:03,53.2077,-29.0197,396.0,4.743,34.903,-0.00366104035024,0.02848,2.1449,nan,nan,nan,0.000369209032047,6.69944341878,9.52632473899,27.6341164633,0.00408620689655,-1.32187766682
2018-09-24 07:28:03,53.2077,-29.0197,398.0,4.735,34.904,-0.00366104035186,0.03204,2.1449,nan,nan,nan,0.000389213714712,7.03046857321,9.53661861127,27.6358327683,0.00562068965517,-0.613271797486
2018-09-24 07:28:03,53.2077,-29.0197,400.0,4.711,34.903,-0.00366104035573,0.03382,2.1449,nan,nan,nan,0.000386664750187,6.98828987987,9.53006648,27.6377577601,0.00638793103448,-0.703561218871
2018-09-24 07:28:03,53.2077,-29.0197,402.0,4.698,34.905,-0.0036610403577,0.03204,2.13285,nan,nan,nan,0.000384129918634,6.94634505023,9.5242207551,27.6408252383,0.00562068965517,-0.793350022159
2018-09-24 07:28:03,53.2077,-29.0197,404.0,4.699,34.906,-0.00366104035758,0.03204,2.169,nan,nan,nan,0.000369111499089,6.69782950353,9.51697780447,27.6415291259,0.00562068965517,-1.32533247926
2018-09-24 07:28:03,53.2077,-29.0197,406.0,4.7,34.906,-0.00366104035744,0.03026,2.15695,nan,nan,nan,0.000476740581158,8.47880919264,9.51108300217,27.6414387351,0.00485344827586,2.48710486577
2018-09-24 07:28:03,53.2077,-29.0197,408.0,4.7,34.907,-0.00366104035755,0.03204,2.1208,nan,nan,nan,0.000459217173525,8.18884264755,9.5088079191,27.6422542085,0.00562068965517,1.86639072059
2018-09-24 07:28:03,53.2077,-29.0197,410.0,4.699,34.907,-0.00366104035807,0.03026,2.15695,nan,nan,nan,0.000366605819146,6.65636705676,9.50904123205,27.6423879778,0.00485344827586,-1.4140886742
2018-09-24 07:28:03,53.2077,-29.0197,412.0,4.688,34.909,-0.00366104035983,0.03382,2.13285,nan,nan,nan,0.000411631175339,7.40141888972,9.50816634254,27.6452292629,0.00638793103448,0.180799492861
2018-09-24 07:28:03,53.2077,-29.0197,414.0,4.684,34.909,-0.00366104036048,0.03204,2.169,nan,nan,nan,0.000359060987929,6.5315198417,9.50390987256,27.6456985759,0.00562068965517,-1.68134168558
2018-09-24 07:28:03,53.2077,-29.0197,416.0,4.682,34.909,-0.0036610403608,0.03382,2.15695,nan,nan,nan,0.00039910419093,7.1941300755,9.51137472491,27.6459439833,0.00638793103448,-0.262931348861
2018-09-24 07:28:03,53.2077,-29.0197,418.0,4.671,34.91,-0.00366104036269,0.03382,2.1449,nan,nan,nan,0.000359031792689,6.53103673688,9.51184150278,27.6479892282,0.00638793103448,-1.68237583935
2018-09-24 07:28:03,53.2077,-29.0197,420.0,4.667,34.909,-0.00366104036344,0.03204,2.1449,nan,nan,nan,0.000394067734889,7.11078990626,9.51925514365,27.6476638051,0.00562068965517,-0.441332694745
2018-09-24 07:28:03,53.2077,-29.0197,422.0,4.666,34.91,-0.00366104036359,0.03382,2.13285,nan,nan,nan,0.000767003209716,13.2818962025,9.52188362439,27.6485909721,0.00638793103448,12.7687876945
2018-09-24 07:28:03,53.2077,-29.0197,424.0,4.657,34.91,-0.00366104036515,0.03204,2.13285,nan,nan,nan,0.000391541674743,7.06899022045,9.52515579281,27.6496170907,0.00562068965517,-0.530810797263
2018-09-24 07:28:03,53.2077,-29.0197,426.0,4.652,34.912,-0.00366104036607,0.03204,2.1449,nan,nan,nan,0.000351478753948,6.40605370877,9.52363641034,27.6517841461,0.00562068965517,-1.94991957765
2018-09-24 07:28:03,53.2077,-29.0197,428.0,4.647,34.912,-0.00366104036674,0.03382,2.1449,nan,nan,nan,0.000379001057403,6.8614758169,9.52392857755,27.6523630803,0.00638793103448,-0.975024544657
2018-09-24 07:28:03,53.2077,-29.0197,430.0,4.644,34.912,-0.00366104036742,0.03204,2.1449,nan,nan,nan,0.000373989028338,6.77853985019,9.5242207551,27.6527189148,0.00562068965517,-1.15256063822
2018-09-24 07:28:03,53.2077,-29.0197,432.0,4.635,34.912,-0.00366104036907,0.03204,2.169,nan,nan,nan,0.00040650907255,7.3166614909,9.51721134878,27.653742598,0.00562068965517,-0.000635632131315
2018-09-24 07:28:03,53.2077,-29.0197,434.0,4.623,34.914,-0.00366104037085,0.02848,2.1449,nan,nan,nan,0.000386455478908,6.98482698777,9.51283349351,27.6566867719,0.00408620689655,-0.71097402613
2018-09-24 07:28:03,53.2077,-29.0197,436.0,4.622,34.914,-0.00366104037111,0.03026,2.13285,nan,nan,nan,0.000353915026155,6.44636763911,9.51160811054,27.6568194305,0.00485344827586,-1.86362194355
2018-09-24 07:28:03,53.2077,-29.0197,438.0,4.62,34.914,-0.00366104037144,0.03026,2.13285,nan,nan,nan,0.000383946395829,6.94330822802,9.51487620334,27.6570631956,0.00485344827586,-0.799850766942
2018-09-24 07:28:03,53.2077,-29.0197,440.0,4.618,34.914,-0.00366104037173,0.03026,2.1449,nan,nan,nan,0.000378936400362,6.86040591204,9.51283349351,27.6573069063,0.00485344827586,-0.977314826384
2018-09-24 07:28:03,53.2077,-29.0197,442.0,4.617,34.915,-0.00366104037193,0.03026,2.15695,nan,nan,nan,0.000376428675319,6.81890962422,9.51254171914,27.6582335107,0.00485344827586,-1.06614346286
2018-09-24 07:28:03,53.2077,-29.0197,444.0,4.616,34.915,-0.00366104037219,0.03204,2.15695,nan,nan,nan,0.000348894131072,6.36328496302,9.5174448997,27.6583660925,0.00562068965517,-2.04147208918
2018-09-24 07:28:03,53.2077,-29.0197,446.0,4.609,34.915,-0.00366104037348,0.0267,2.1449,nan,nan,nan,0.000371406415305,6.7358043621,9.52188362439,27.6591647126,0.00331896551724,-1.24404195705
2018-09-24 07:28:03,53.2077,-29.0197,448.0,4.602,34.915,-0.0036610403746,0.02848,2.13285,nan,nan,nan,0.000348865510616,6.36281136937,9.52217572952,27.6599627189,0.00408620689655,-2.04248588295
2018-09-24 07:28:03,53.2077,-29.0197,450.0,4.598,34.915,-0.00366104037537,0.03026,2.15695,nan,nan,nan,0.00042144301306,7.56377913064,9.52398701224,27.6604276484,0.00485344827586,0.528354408624
2018-09-24 07:28:03,53.2077,-29.0197,452.0,4.594,34.916,-0.0036610403761,0.03026,2.13285,nan,nan,nan,0.00035885823649,6.52816483589,9.52568179811,27.6616864477,0.00485344827586,-1.68852354706
2018-09-24 07:28:03,53.2077,-29.0197,454.0,4.591,34.916,-0.00366104037652,0.0267,2.15695,nan,nan,nan,0.000386384598436,6.98365410142,9.52597403776,27.662040225,0.00331896551724,-0.713484754217
2018-09-24 07:28:03,53.2077,-29.0197,456.0,4.59,34.917,-0.00366104037669,0.03026,2.1449,nan,nan,nan,0.000351338459488,6.40373220255,9.52685081882,27.6629665219,0.00485344827586,-1.95488908801
2018-09-24 07:28:03,53.2077,-29.0197,458.0,4.589,34.917,-0.00366104037705,0.03204,2.13285,nan,nan,nan,0.000361348231297,6.56936773471,9.5286631283,27.6630987192,0.00562068965517,-1.60032295099
2018-09-24 07:28:03,53.2077,-29.0197,460.0,4.586,34.917,-0.00366104037754,0.03382,2.169,nan,nan,nan,0.000348827317488,6.36217937303,9.5315285585,27.6634522995,0.00638793103448,-2.04383875993
2018-09-24 07:28:03,53.2077,-29.0197,462.0,4.583,34.917,-0.0036610403781,0.03026,2.13285,nan,nan,nan,0.00036634185805,6.65199919129,9.53884283776,27.6638057599,0.00485344827586,-1.42343870415
2018-09-24 07:28:03,53.2077,-29.0197,464.0,4.569,34.917,-0.00366104038045,0.03026,2.15695,nan,nan,nan,0.000398851592453,7.18995023164,9.54247312539,27.6653750965,0.00485344827586,-0.271878892132
2018-09-24 07:28:03,53.2077,-29.0197,466.0,4.562,34.917,-0.00366104038163,0.03204,2.18105,nan,nan,nan,0.000391328382098,7.06546078528,9.54850761606,27.6661695708,0.00562068965517,-0.538366049311
2018-09-24 07:28:03,53.2077,-29.0197,468.0,4.557,34.917,-0.00366104038254,0.03204,2.15695,nan,nan,nan,0.000351270857151,6.40261356075,9.552904437,27.6667427856,0.00562068965517,-1.957283698
2018-09-24 07:28:03,53.2077,-29.0197,470.0,4.552,34.917,-0.00366104038343,0.03026,2.1449,nan,nan,nan,0.000371284240116,6.73378268239,9.55607159684,27.6673156799,0.00485344827586,-1.24836964661
2018-09-24 07:28:03,53.2077,-29.0197,472.0,4.544,34.918,-0.00366104038477,0.03204,2.13285,nan,nan,nan,0.000343732597888,6.27787509434,9.56375993674,27.6690130512,0.00562068965517,-2.22430391762
2018-09-24 07:28:03,53.2077,-29.0197,474.0,4.542,34.918,-0.0036610403852,0.03204,2.1449,nan,nan,nan,0.00036124917586,6.56772862642,9.56522798958,27.6692547311,0.00562068965517,-1.60383169268
2018-09-24 07:28:03,53.2077,-29.0197,476.0,4.541,34.918,-0.00366104038533,0.03026,2.15695,nan,nan,nan,0.000371258941979,6.73336406442,9.56963371159,27.6693862261,0.00485344827586,-1.24926575722
2018-09-24 07:28:03,53.2077,-29.0197,478.0,4.539,34.919,-0.00366104038571,0.03382,2.169,nan,nan,nan,0.000361240289444,6.56758157948,9.57462970013,27.6704220579,0.00638793103448,-1.60414646731
2018-09-24 07:28:03,53.2077,-29.0197,480.0,4.534,34.919,-0.00366104038682,0.03382,2.1208,nan,nan,nan,0.000488880710156,8.67969656206,9.58374780027,27.6709938098,0.00638793103448,2.91713251516
2018-09-24 07:28:03,53.2077,-29.0197,482.0,4.521,34.918,-0.00366104038902,0.0267,2.15695,nan,nan,nan,0.000361206051526,6.56701503153,9.58616136448,27.6716504911,0.00331896551724,-1.60535924283
2018-09-24 07:28:03,53.2077,-29.0197,484.0,4.508,34.918,-0.00366104039122,0.03382,2.1449,nan,nan,nan,0.000473812287266,8.43035359081,9.59434917135,27.6730993645,0.00638793103448,2.38337883952
2018-09-24 07:28:03,53.2077,-29.0197,486.0,4.5,34.917,-0.00366104039246,0.03026,2.15695,nan,nan,nan,0.000353656741241,6.44209369961,9.60880063202,27.673203785,0.00485344827586,-1.87277091176
2018-09-24 07:28:03,53.2077,-29.0197,488.0,4.486,34.917,-0.00366104039489,0.03026,2.15695,nan,nan,nan,0.000368645656048,6.69012102011,9.61263892191,27.6747587623,0.00485344827586,-1.34183357146
2018-09-24 07:28:03,53.2077,-29.0197,490.0,4.476,34.917,-0.00366104039633,0.0267,2.169,nan,nan,nan,0.000356110288108,6.48269348037,9.61848834483,27.6758740501,0.00331896551724,-1.78586137465
2018-09-24 07:28:03,53.2077,-29.0197,492.0,4.472,34.917,-0.00366104039708,0.03026,2.15695,nan,nan,nan,0.000398652275385,7.18665205569,9.62440103875,27.6763325131,0.00485344827586,-0.278939101301
2018-09-24 07:28:03,53.2077,-29.0197,494.0,4.472,34.918,-0.00366104039722,0.02848,2.1208,nan,nan,nan,0.000376122953072,6.81385072098,9.62298160831,27.6771480891,0.00408620689655,-1.07697275628
2018-09-24 07:28:03,53.2077,-29.0197,496.0,4.468,34.918,-0.00366104039791,0.02848,2.13285,nan,nan,nan,0.000378617664444,6.8551316666,9.62747730358,27.6776063466,0.00408620689655,-0.988605090051
2018-09-24 07:28:03,53.2077,-29.0197,498.0,4.465,34.918,-0.00366104039847,0.03204,2.13285,nan,nan,nan,0.000358587843812,6.52369054458,9.6303771342,27.6779551903,0.00562068965517,-1.6981013965
2018-09-24 07:28:03,53.2077,-29.0197,500.0,4.455,34.917,-0.00366104040014,0.03026,2.0967,nan,nan,nan,0.000361072909652,6.56481188188,9.63600213865,27.6782733701,0.00485344827586,-1.61007539431
2018-09-24 07:28:03,53.2077,-29.0197,504.0,4.446,34.916,-0.00366104040168,0.02848,2.1208,nan,nan,nan,0.000393595483293,7.10297537802,9.63533878229,27.6785023906,0.00408620689655,-0.458060790788
2018-09-24 07:28:03,53.2077,-29.0197,508.0,4.444,34.917,-0.00366104040199,0.03204,2.13285,nan,nan,nan,0.000371062032785,6.73010573248,9.63574152805,27.6795548697,0.00562068965517,-1.25624067469
2018-09-24 07:28:03,53.2077,-29.0197,512.0,4.438,34.919,-0.00366104040324,0.02848,2.13285,nan,nan,nan,0.000366038275036,6.64697568676,9.63192807113,27.6818366896,0.00408620689655,-1.43419222166
2018-09-24 07:28:03,53.2077,-29.0197,516.0,4.451,34.922,-0.00366104040126,0.03204,2.1449,nan,nan,nan,0.000381074639369,6.89578817275,9.6386323937,27.6828432452,0.00562068965517,-0.901574124285
2018-09-24 07:28:03,53.2077,-29.0197,520.0,4.422,34.92,-0.00366104040598,0.0267,2.15695,nan,nan,nan,0.000373511357746,6.77063565176,9.66065487226,27.6844502452,0.00331896551724,-1.16948068591
2018-09-24 07:28:03,53.2077,-29.0197,524.0,4.388,34.916,-0.00366104041176,0.03026,2.13285,nan,nan,nan,0.00035593127576,6.47973129443,9.66857155822,27.6849988981,0.00485344827586,-1.79220235001
2018-09-24 07:28:03,53.2077,-29.0197,528.0,4.379,34.916,-0.00366104041338,0.03026,2.1449,nan,nan,nan,0.000370930364374,6.7279269648,9.67650767633,27.6860117761,0.00485344827586,-1.26090463315
2018-09-24 07:28:03,53.2077,-29.0197,532.0,4.361,34.916,-0.00366104041638,0.0267,2.13285,nan,nan,nan,0.000353372374992,6.43738818225,9.68629842183,27.6879954496,0.00331896551724,-1.88284373305
2018-09-24 07:28:03,53.2077,-29.0197,536.0,4.351,34.916,-0.0036610404181,0.02848,2.1208,nan,nan,nan,0.000408416633857,7.34822663926,9.6913292816,27.689113029,0.00408620689655,0.0669340044664
2018-09-24 07:28:03,53.2077,-29.0197,540.0,4.344,34.916,-0.00366104041928,0.0267,2.13285,nan,nan,nan,0.000405899152238,7.30656890564,9.70154338135,27.689906223,0.00331896551724,-0.0222402294297
2018-09-24 07:28:03,53.2077,-29.0197,543.9,4.331,34.915,-0.00366104042152,0.02848,2.1208,nan,nan,nan,0.000373336482468,6.76774192348,9.70671485488,27.6905485507,0.00408620689655,-1.17567511801
2018-09-24 07:28:03,53.2077,-29.0197,548.0,4.326,34.915,-0.0036610404225,0.03204,2.13285,nan,nan,nan,0.000355805412545,6.47764858755,9.7104431675,27.6911259091,0.00562068965517,-1.79666067682
2018-09-24 07:28:03,53.2077,-29.0197,552.0,4.318,34.916,-0.00366104042378,0.03026,2.1208,nan,nan,nan,0.000365797869925,6.64299761121,9.70977386068,27.6928190243,0.00485344827586,-1.44270785151
2018-09-24 07:28:03,53.2077,-29.0197,556.0,4.314,34.916,-0.00366104042444,0.03026,2.13285,nan,nan,nan,0.000378304326904,6.84994675018,9.71296550153,27.6932872223,0.00485344827586,-0.999704132401
2018-09-24 07:28:03,53.2077,-29.0197,560.0,4.31,34.916,-0.0036610404253,0.02848,2.13285,nan,nan,nan,0.000373290099645,6.76697440913,9.71468734195,27.6937552012,0.00408620689655,-1.17731809036
2018-09-24 07:28:03,53.2077,-29.0197,564.0,4.308,34.917,-0.00366104042552,0.03026,2.13285,nan,nan,nan,0.000363271386445,6.60119092033,9.71260682942,27.6948033543,0.00485344827586,-1.53220094935
2018-09-24 07:28:03,53.2077,-29.0197,568.0,4.305,34.917,-0.00366104042612,0.02848,2.13285,nan,nan,nan,0.000378282873606,6.84959175423,9.71999858339,27.6951638069,0.00408620689655,-1.00046405114
2018-09-24 07:28:03,53.2077,-29.0197,572.0,4.294,34.917,-0.00366104042804,0.02492,2.1208,nan,nan,nan,0.000373254073172,6.76637826526,9.72502583727,27.696381135,0.00255172413793,-1.1785942201
2018-09-24 07:28:03,53.2077,-29.0197,576.0,4.287,34.918,-0.00366104042926,0.03204,2.1449,nan,nan,nan,0.000368230853806,6.68325712836,9.73131415589,27.6979639906,0.00562068965517,-1.35652669649
2018-09-24 07:28:03,53.2077,-29.0197,580.0,4.275,34.917,-0.0036610404313,0.02848,2.1449,nan,nan,nan,0.000373214499921,6.76572343151,9.73625229984,27.6984906767,0.00408620689655,-1.17999598379
2018-09-24 07:28:03,53.2077,-29.0197,584.0,4.268,34.917,-0.00366104043246,0.02848,2.1208,nan,nan,nan,0.000398229455663,7.17965549563,9.74074950321,27.6992768536,0.00408620689655,-0.293916221508
2018-09-24 07:28:03,53.2077,-29.0197,588.0,4.258,34.917,-0.00366104043428,0.0267,2.1208,nan,nan,nan,0.000383190874323,6.93080632396,9.74530913414,27.7003823189,0.00331896551724,-0.826612849745
2018-09-24 07:28:03,53.2077,-29.0197,592.0,4.25,34.917,-0.0036610404355,0.02848,2.13285,nan,nan,nan,0.000375665318989,6.80627807433,9.74676153774,27.701273465,0.00408620689655,-1.09318307078
2018-09-24 07:28:03,53.2077,-29.0197,596.0,4.249,34.917,-0.00366104043581,0.02848,2.13285,nan,nan,nan,0.000413207551308,7.42750378731,9.74736177805,27.7014185012,0.00408620689655,0.236637882434
2018-09-24 07:28:03,53.2077,-29.0197,600.0,4.248,34.917,-0.00366104043592,0.03026,2.13285,nan,nan,nan,0.000368152281071,6.68195695518,9.74676153774,27.7015635361,0.00485344827586,-1.35930989992
2018-09-24 07:28:03,53.2077,-29.0197,604.0,4.248,34.918,-0.00366104043598,0.02848,2.1208,nan,nan,nan,0.000358137726076,6.51624227381,9.75170880092,27.7023971444,0.00408620689655,-1.71404546695
2018-09-24 07:28:03,53.2077,-29.0197,608.0,4.239,34.918,-0.00366104043773,0.0267,2.13285,nan,nan,nan,0.000400669165201,7.22002630481,9.75411143837,27.7033922056,0.00331896551724,-0.207496830259
2018-09-24 07:28:03,53.2077,-29.0197,612.0,4.232,34.917,-0.00366104043884,0.03026,2.13285,nan,nan,nan,0.00035810705295,6.51573471384,9.75681522892,27.7033772231,0.00485344827586,-1.71513197041
2018-09-24 07:28:03,53.2077,-29.0197,616.0,4.229,34.917,-0.00366104043933,0.02848,2.13285,nan,nan,nan,0.000385633286057,6.97122184742,9.76162412164,27.7037318076,0.00408620689655,-0.740097741281
2018-09-24 07:28:03,53.2077,-29.0197,620.1,4.221,34.918,-0.00366104044081,0.02848,2.13285,nan,nan,nan,0.000383110875094,6.92948254604,9.77064823358,27.7054131285,0.00408620689655,-0.829446582436
2018-09-24 07:28:03,53.2077,-29.0197,624.1,4.208,34.917,-0.00366104044293,0.02848,2.1208,nan,nan,nan,0.000373074608975,6.76340860237,9.77270709051,27.7060324943,0.00408620689655,-1.1849512009
2018-09-24 07:28:03,53.2077,-29.0197,628.0,4.197,34.917,-0.00366104044473,0.0267,2.1208,nan,nan,nan,0.000375554545273,6.80444505919,9.77395950785,27.7072322962,0.00331896551724,-1.09710689733
2018-09-24 07:28:03,53.2077,-29.0197,632.0,4.198,34.917,-0.0036610404447,0.0267,2.13285,nan,nan,nan,0.000368047774587,6.68022764632,9.77619987414,27.707162122,0.00331896551724,-1.36301172859
2018-09-24 07:28:03,53.2077,-29.0197,636.0,4.195,34.917,-0.00366104044525,0.02848,2.13285,nan,nan,nan,0.000343011948522,6.26595023296,9.78287633735,27.7075152872,0.00408620689655,-2.24983075946
2018-09-24 07:28:03,53.2077,-29.0197,640.0,4.179,34.916,-0.00366104044783,0.02848,2.10875,nan,nan,nan,0.000342981176073,6.26544102946,9.78721768009,27.7084470019,0.00408620689655,-2.25092078113
2018-09-24 07:28:03,53.2077,-29.0197,644.0,4.173,34.916,-0.00366104044892,0.02848,2.1449,nan,nan,nan,0.000375507011854,6.80365850547,9.78990802642,27.7091160039,0.00408620689655,-1.09879062611
2018-09-24 07:28:03,53.2077,-29.0197,648.0,4.171,34.916,-0.00366104044933,0.02848,2.13285,nan,nan,nan,0.000342964409424,6.26516358528,9.79216472095,27.7093626199,0.00408620689655,-2.25151468939
2018-09-24 07:28:03,53.2077,-29.0197,652.0,4.167,34.916,-0.00366104045008,0.02848,2.13285,nan,nan,nan,0.000347961932471,6.34785951534,9.79602785041,27.7098200993,0.00408620689655,-2.07449242801
2018-09-24 07:28:03,53.2077,-29.0197,656.0,4.157,34.916,-0.0036610404519,0.02492,2.1208,nan,nan,nan,0.000345438004012,6.30609510338,9.80424289912,27.7109094957,0.00255172413793,-2.16389502188
2018-09-24 07:28:03,53.2077,-29.0197,660.0,4.154,34.916,-0.00366104045228,0.02848,2.13285,nan,nan,nan,0.000465573531258,8.29402373618,9.80327600617,27.7112609388,0.00408620689655,2.09154562422
2018-09-24 07:28:03,53.2077,-29.0197,664.0,4.147,34.916,-0.00366104045357,0.03026,2.1208,nan,nan,nan,0.000335405199747,6.14007844434,9.80726515614,27.7120331099,0.00485344827586,-2.51927701456
2018-09-24 07:28:03,53.2077,-29.0197,668.0,4.146,34.916,-0.00366104045384,0.0267,2.13285,nan,nan,nan,0.000433018330665,7.75532034935,9.80932091125,27.7121738189,0.00331896551724,0.938375308799
2018-09-24 07:28:03,53.2077,-29.0197,672.0,4.137,34.916,-0.00366104045523,0.02848,2.1208,nan,nan,nan,0.000350401929723,6.38823508543,9.81440198987,27.7131553658,0.00408620689655,-1.98806284535
2018-09-24 07:28:03,53.2077,-29.0197,676.0,4.128,34.915,-0.00366104045671,0.02848,2.1208,nan,nan,nan,0.000335368033525,6.13946344061,9.82045489488,27.7133404622,0.00408620689655,-2.52059351648
2018-09-24 07:28:03,53.2077,-29.0197,680.0,4.123,34.916,-0.00366104045751,0.0267,2.1208,nan,nan,nan,0.000325342966608,5.97357481443,9.81829956181,27.7146958748,0.00331896551724,-2.87570143682
2018-09-24 07:28:03,53.2077,-29.0197,684.0,4.125,34.916,-0.00366104045722,0.02492,2.10875,nan,nan,nan,0.000332856034318,6.09789642656,9.81754895735,27.714521567,0.00255172413793,-2.60957355238
2018-09-24 07:28:03,53.2077,-29.0197,688.0,4.125,34.917,-0.00366104045731,0.0267,2.13285,nan,nan,nan,0.000335356249189,6.13926844068,9.81884439727,27.7153524754,0.00331896551724,-2.52101094123
2018-09-24 07:28:03,53.2077,-29.0197,692.0,4.127,34.918,-0.00366104045708,0.02848,2.13285,nan,nan,nan,0.000330351803715,6.05645796258,9.82154488006,27.7159736131,0.00408620689655,-2.69827840881
2018-09-24 07:28:03,53.2077,-29.0197,696.0,4.121,34.917,-0.00366104045828,0.0267,2.13285,nan,nan,nan,0.000320330113185,5.89062520677,9.8270454014,27.7158429643,0.00331896551724,-3.05326673075
2018-09-24 07:28:03,53.2077,-29.0197,700.0,4.11,34.916,-0.00366104046007,0.0267,2.1208,nan,nan,nan,0.000322812675284,5.93170511371,9.83054870635,27.7162354031,0.00331896551724,-2.96532941608
2018-09-24 07:28:03,53.2077,-29.0197,704.0,4.099,34.916,-0.00366104046211,0.02492,2.1208,nan,nan,nan,0.000320286573814,5.8899047441,9.8346357154,27.7174217132,0.00255172413793,-3.05480898237
2018-09-24 07:28:03,53.2077,-29.0197,708.0,4.091,34.915,-0.00366104046341,0.0267,2.13285,nan,nan,nan,0.000372834518319,6.75943573024,9.84133444772,27.7174972084,0.00331896551724,-1.19345569209
2018-09-24 07:28:03,53.2077,-29.0197,712.0,4.083,34.915,-0.00366104046472,0.0267,2.1208,nan,nan,nan,0.000315249711451,5.8065578513,9.84632554932,27.7183660127,0.00331896551724,-3.23322472098
2018-09-24 07:28:03,53.2077,-29.0197,716.0,4.077,34.914,-0.00366104046586,0.0267,2.1208,nan,nan,nan,0.000335263446479,6.13773279865,9.84774691407,27.7182299064,0.00331896551724,-2.52429819883
2018-09-24 07:28:03,53.2077,-29.0197,720.0,4.063,34.913,-0.00366104046825,0.02848,2.1208,nan,nan,nan,0.000327727807361,6.01303768878,9.8524014333,27.7189264271,0.00408620689655,-2.79122560767
2018-09-24 07:28:03,53.2077,-29.0197,724.0,4.056,34.912,-0.00366104046926,0.02492,2.1208,nan,nan,nan,0.000327715782061,6.01283870153,9.8545655044,27.7188926528,0.00255172413793,-2.79165156785
2018-09-24 07:28:03,53.2077,-29.0197,728.0,4.05,34.912,-0.0036610404703,0.02848,2.10875,nan,nan,nan,0.000360241530175,6.55105472691,9.85686391775,27.7195498928,0.00408620689655,-1.63952451813
2018-09-24 07:28:03,53.2077,-29.0197,732.0,4.053,34.913,-0.00366104046979,0.02848,2.1208,nan,nan,nan,0.000367753983773,6.67536617709,9.8571314986,27.7200671493,0.00408620689655,-1.37341838678
2018-09-24 07:28:03,53.2077,-29.0197,736.0,4.053,34.913,-0.00366104046985,0.02492,2.1208,nan,nan,nan,0.000315191936768,5.80560183146,9.85868850087,27.7201006468,0.00255172413793,-3.23527121582
2018-09-24 07:28:03,53.2077,-29.0197,740.0,4.049,34.913,-0.00366104047069,0.02492,2.1208,nan,nan,nan,0.00032769826751,6.01254888154,9.86199808438,27.720549848,0.00255172413793,-2.79227196827
2018-09-24 07:28:03,53.2077,-29.0197,744.0,4.039,34.913,-0.00366104047226,0.02314,2.1208,nan,nan,nan,0.000307653516277,5.68086069716,9.86511417186,27.7216216711,0.00178448275862,-3.50229714643
2018-09-24 07:28:03,53.2077,-29.0197,748.0,4.037,34.913,-0.00366104047264,0.02492,2.0967,nan,nan,nan,0.000305146337364,5.63937344635,9.86308128129,27.7218626482,0.00255172413793,-3.59110643791
2018-09-24 07:28:03,53.2077,-29.0197,752.0,4.034,34.913,-0.0036610404732,0.02848,2.13285,nan,nan,nan,0.000748162967643,12.9701394931,9.86477329378,27.7222072789,0.00408620689655,12.1014286398
2018-09-24 07:28:03,53.2077,-29.0197,756.0,4.029,34.912,-0.00366104047411,0.0267,2.1208,nan,nan,nan,0.000312641041642,5.76339119173,9.86728150422,27.7219633858,0.00331896551724,-3.32562902296
2018-09-24 07:28:03,53.2077,-29.0197,760.0,4.024,34.912,-0.00366104047496,0.02492,2.1208,nan,nan,nan,0.000305121610283,5.63896427786,9.86781733503,27.722514827,0.00255172413793,-3.59198232057
2018-09-24 07:28:03,53.2077,-29.0197,764.0,4.021,34.912,-0.00366104047566,0.02848,2.1208,nan,nan,nan,0.000310121177581,5.72169403492,9.87011935851,27.7228589066,0.00408620689655,-3.41488764773
2018-09-24 07:28:03,53.2077,-29.0197,768.0,4.016,34.912,-0.00366104047646,0.02848,2.10875,nan,nan,nan,0.000307607650661,5.68010174122,9.87376246545,27.7234097987,0.00408620689655,-3.50392179828
2018-09-24 07:28:03,53.2077,-29.0197,772.0,4.009,34.911,-0.00366104047775,0.0267,2.10875,nan,nan,nan,0.000327619224309,6.01124092339,9.8752615909,27.7233713596,0.00331896551724,-2.79507183653
2018-09-24 07:28:03,53.2077,-29.0197,776.0,4.003,34.911,-0.00366104047868,0.0267,2.10875,nan,nan,nan,0.000322600619466,5.92819614479,9.87756564344,27.7240247168,0.00331896551724,-2.97284085726
2018-09-24 07:28:03,53.2077,-29.0197,780.0,3.997,34.911,-0.00366104047982,0.0267,2.1208,nan,nan,nan,0.000310073146445,5.72089924529,9.88076066004,27.72467759,0.00331896551724,-3.41658900664
2018-09-24 07:28:03,53.2077,-29.0197,784.0,3.993,34.91,-0.00366104048036,0.0267,2.13285,nan,nan,nan,0.000322582193931,5.92789125038,9.88381046605,27.7243278975,0.00331896551724,-2.97349352659
2018-09-24 07:28:03,53.2077,-29.0197,788.0,3.985,34.91,-0.00366104048182,0.0267,2.1208,nan,nan,nan,0.000310050477244,5.72052412933,9.88824074312,27.7251860663,0.00331896551724,-3.41739199508
2018-09-24 07:28:03,53.2077,-29.0197,792.0,3.975,34.909,-0.00366104048344,0.02314,2.13285,nan,nan,nan,0.000315037940099,5.80305358954,9.88990116913,27.7254534238,0.00178448275862,-3.24072608582
2018-09-24 07:28:03,53.2077,-29.0197,796.0,3.972,34.909,-0.00366104048398,0.02848,2.1208,nan,nan,nan,0.000315031580745,5.80294835888,9.88930288985,27.7257954236,0.00408620689655,-3.24095134683
2018-09-24 07:28:03,53.2077,-29.0197,800.0,3.969,34.909,-0.00366104048452,0.02848,2.10875,nan,nan,nan,0.000330042948027,6.05134720908,9.89007211384,27.7261372991,0.00408620689655,-2.709218695
2018-09-24 07:28:03,53.2077,-29.0197,803.9,3.965,34.909,-0.00366104048534,0.0267,2.1208,nan,nan,nan,0.00031251378343,5.7612854013,9.89479888171,27.726581009,0.00331896551724,-3.33013676335
2018-09-24 07:28:03,53.2077,-29.0197,808.0,3.958,34.908,-0.00366104048657,0.02492,2.1208,nan,nan,nan,0.000302489860762,5.59541570946,9.89434685434,27.7265384054,0.00255172413793,-3.68520415207
2018-09-24 07:28:03,53.2077,-29.0197,812.0,3.954,34.908,-0.00366104048716,0.02492,2.1208,nan,nan,nan,0.000299978418698,5.55385791466,9.89679053302,27.7269819419,0.00255172413793,-3.77416445289
2018-09-24 07:28:03,53.2077,-29.0197,816.0,3.954,34.908,-0.00366104048724,0.02492,2.10875,nan,nan,nan,0.000312493191794,5.76094466361,9.894811099,27.7270148246,0.00255172413793,-3.33086616026
2018-09-24 07:28:03,53.2077,-29.0197,820.0,3.951,34.908,-0.00366104048768,0.02848,2.1208,nan,nan,nan,0.000309983870329,5.71942195918,9.89709604247,27.7273555522,0.00408620689655,-3.41975134521
2018-09-24 07:28:03,53.2077,-29.0197,824.0,3.947,34.908,-0.00366104048857,0.02492,2.10875,nan,nan,nan,0.000314981288756,5.80211615805,9.89847708275,27.7277986968,0.00255172413793,-3.24273278969
2018-09-24 07:28:03,53.2077,-29.0197,828.0,3.938,34.908,-0.00366104048998,0.0267,2.1208,nan,nan,nan,0.000312459222776,5.76038256524,9.90137433284,27.7287538793,0.00331896551724,-3.33206941082
2018-09-24 07:28:03,53.2077,-29.0197,832.0,3.931,34.907,-0.00366104049123,0.02492,2.1208,nan,nan,nan,0.000314950051408,5.80159926167,9.90259709871,27.7287073855,0.00255172413793,-3.24383927904
2018-09-24 07:28:03,53.2077,-29.0197,836.0,3.926,34.907,-0.00366104049209,0.02492,2.1208,nan,nan,nan,0.000304927607219,5.63575403478,9.90251149935,27.7292516923,0.00255172413793,-3.59885429708
2018-09-24 07:28:03,53.2077,-29.0197,840.0,3.923,34.907,-0.00366104049255,0.0267,2.1208,nan,nan,nan,0.000327447821923,6.00840466239,9.90657230758,27.7295912379,0.00331896551724,-2.80114325185
2018-09-24 07:28:03,53.2077,-29.0197,844.0,3.919,34.907,-0.0036610404933,0.02848,2.1208,nan,nan,nan,0.000312421590028,5.75975984173,9.90673135475,27.7300328326,0.00408620689655,-3.33340243802
2018-09-24 07:28:03,53.2077,-29.0197,848.0,3.912,34.907,-0.00366104049451,0.02848,2.10875,nan,nan,nan,0.000309903748463,5.71809615194,9.90878700228,27.7307804942,0.00408620689655,-3.42258942195
2018-09-24 07:28:03,53.2077,-29.0197,852.0,3.909,34.906,-0.00366104049495,0.0267,2.10875,nan,nan,nan,0.000455071480211,8.12024227071,9.91214073606,27.7303234111,0.00331896551724,1.71954197202
2018-09-24 07:28:03,53.2077,-29.0197,856.0,3.905,34.906,-0.0036610404957,0.02492,2.10875,nan,nan,nan,0.000314897510715,5.80072985067,9.91065954395,27.7307642223,0.00255172413793,-3.24570037546
2018-09-24 07:28:03,53.2077,-29.0197,860.0,3.902,34.906,-0.00366104049617,0.02492,2.0967,nan,nan,nan,0.000404997492636,7.29164879848,9.90957023733,27.7311028816,0.00255172413793,-0.0541788158502
2018-09-24 07:28:03,53.2077,-29.0197,864.0,3.9,34.906,-0.00366104049658,0.0267,2.1208,nan,nan,nan,0.00030988096025,5.71771906664,9.90761228546,27.7313395159,0.00331896551724,-3.42339662603
2018-09-24 07:28:03,53.2077,-29.0197,868.0,3.891,34.905,-0.0036610404982,0.0267,2.10875,nan,nan,nan,0.000322379317814,5.92453418149,9.91079418708,27.7314928421,0.00331896551724,-2.9806798044
2018-09-24 07:28:03,53.2077,-29.0197,872.0,3.888,34.904,-0.0036610404987,0.02848,2.1208,nan,nan,nan,0.00034239931179,6.25581269805,9.90981501313,27.7310347998,0.00408620689655,-2.27153157778
2018-09-24 07:28:03,53.2077,-29.0197,876.0,3.883,34.904,-0.00366104049947,0.02492,2.13285,nan,nan,nan,0.000317359114396,5.84146295064,9.91067178415,27.7315761123,0.00255172413793,-3.15850544985
2018-09-24 07:28:03,53.2077,-29.0197,880.0,3.878,34.904,-0.00366104050034,0.02492,2.1208,nan,nan,nan,0.000357395734094,6.50396424798,9.91042698359,27.7321170835,0.00255172413793,-1.74032830694
2018-09-24 07:28:03,53.2077,-29.0197,884.0,3.875,34.904,-0.0036610405009,0.0267,2.1208,nan,nan,nan,0.000332359793927,6.08968494654,9.91299774229,27.7324545947,0.00331896551724,-2.62715137951
2018-09-24 07:28:03,53.2077,-29.0197,888.0,3.871,34.904,-0.00366104050164,0.0267,2.10875,nan,nan,nan,0.000319836493846,5.8824570983,9.91263044329,27.7328935041,0.00331896551724,-3.07075171499
2018-09-24 07:28:03,53.2077,-29.0197,892.0,3.868,34.903,-0.00366104050216,0.02492,2.0967,nan,nan,nan,0.000369891936665,6.71074370334,9.91326710501,27.7324345565,0.00255172413793,-1.29768781945
2018-09-24 07:28:03,53.2077,-29.0197,896.0,3.866,34.903,-0.00366104050256,0.0267,2.10875,nan,nan,nan,0.000304810851677,5.63382203605,9.91490795377,27.7326702061,0.00331896551724,-3.6029900119
2018-09-24 07:28:03,53.2077,-29.0197,900.0,3.863,34.903,-0.00366104050298,0.0267,2.0967,nan,nan,nan,0.000314816271921,5.79938556121,9.91544680922,27.7330072088,0.00331896551724,-3.248578016
2018-09-24 07:28:03,53.2077,-29.0197,904.0,3.86,34.903,-0.00366104050362,0.0267,2.10875,nan,nan,nan,0.000309803963365,5.71644496966,9.91422218729,27.7333440867,0.00331896551724,-3.42612400969
2018-09-24 07:28:03,53.2077,-29.0197,908.0,3.858,34.903,-0.00366104050388,0.02314,2.10875,nan,nan,nan,0.000327320378885,6.00629581359,9.91299774229,27.7335795195,0.00178448275862,-2.80565753912
2018-09-24 07:28:03,53.2077,-29.0197,912.0,3.856,34.903,-0.00366104050432,0.02314,2.10875,nan,nan,nan,0.000324813156969,5.9648078512,9.91368340969,27.7338147392,0.00178448275862,-2.89446835383
2018-09-24 07:28:03,53.2077,-29.0197,916.0,3.854,34.903,-0.00366104050474,0.02848,2.1208,nan,nan,nan,0.000309791161474,5.71623313187,9.91299774229,27.7340498532,0.00408620689655,-3.42657747826
2018-09-24 07:28:03,53.2077,-29.0197,920.0,3.85,34.903,-0.00366104050539,0.02492,2.0967,nan,nan,nan,0.000294764896753,5.46758776802,9.91462629296,27.7344873606,0.00255172413793,-3.95883782722
2018-09-24 07:28:03,53.2077,-29.0197,924.0,3.844,34.903,-0.00366104050653,0.0267,2.10875,nan,nan,nan,0.000307266860723,5.67446255945,9.91381810088,27.7351269363,0.00331896551724,-3.51599325945
2018-09-24 07:28:03,53.2077,-29.0197,928.0,3.839,34.902,-0.00366104050725,0.0267,2.1208,nan,nan,nan,0.000304755976251,5.63291399135,9.91612042672,27.734868708,0.00331896551724,-3.60493380923
2018-09-24 07:28:03,53.2077,-29.0197,932.0,3.837,34.902,-0.00366104050762,0.0267,2.0967,nan,nan,nan,0.000304751704424,5.63284330378,9.91636539181,27.7351033322,0.00331896551724,-3.60508512589
2018-09-24 07:28:03,53.2077,-29.0197,936.0,3.833,34.902,-0.00366104050831,0.02848,2.10875,nan,nan,nan,0.000299737250083,5.54986720512,9.91789658406,27.7355398875,0.00408620689655,-3.78270712755
2018-09-24 07:28:03,53.2077,-29.0197,940.0,3.832,34.902,-0.00366104050859,0.0267,2.08465,nan,nan,nan,0.000314752841222,5.79833594911,9.91925651467,27.7356733916,0.00331896551724,-3.25082485823
2018-09-24 07:28:03,53.2077,-29.0197,944.0,3.828,34.902,-0.00366104050933,0.02492,2.1208,nan,nan,nan,0.000289714747514,5.38402101218,9.92081273896,27.7361096664,0.00255172413793,-4.13772421357
2018-09-24 07:28:03,53.2077,-29.0197,948.0,3.82,34.901,-0.00366104051072,0.02848,2.0967,nan,nan,nan,0.000307221077298,5.67370496355,9.92061666348,27.7361527198,0.00408620689655,-3.51761499996
2018-09-24 07:28:03,53.2077,-29.0197,952.0,3.82,34.902,-0.00366104051072,0.0267,2.1208,nan,nan,nan,0.000309721283645,5.71507683664,9.9162061637,27.7369815513,0.00331896551724,-3.42905269072
2018-09-24 07:28:03,53.2077,-29.0197,956.0,3.82,34.902,-0.00366104051073,0.0267,2.1208,nan,nan,nan,0.000342259693696,6.25350238393,9.9136834097,27.7370140901,0.00331896551724,-2.27647712989
2018-09-24 07:28:03,53.2077,-29.0197,960.0,3.818,34.902,-0.00366104051107,0.02492,2.13285,nan,nan,nan,0.000304711097994,5.63217137361,9.91452832618,27.7372481971,0.00255172413793,-3.60652348687
2018-09-24 07:28:03,53.2077,-29.0197,964.0,3.815,34.902,-0.00366104051172,0.02848,2.10875,nan,nan,nan,0.000317219455566,5.83915196243,9.91375687735,27.7375829765,0.00408620689655,-3.16345244495
2018-09-24 07:28:03,53.2077,-29.0197,968.0,3.812,34.902,-0.00366104051225,0.0267,2.1208,nan,nan,nan,0.000332230766671,6.08754988305,9.91217746312,27.7379176308,0.00331896551724,-2.63172178299
2018-09-24 07:28:03,53.2077,-29.0197,972.0,3.809,34.902,-0.0036610405127,0.02492,2.10875,nan,nan,nan,0.000302188893541,5.59043548945,9.91116140649,27.7382521601,0.00255172413793,-3.69586501299
2018-09-24 07:28:03,53.2077,-29.0197,976.0,3.807,34.902,-0.0036610405132,0.02492,2.1208,nan,nan,nan,0.000344734843001,6.29445962851,9.91330383696,27.7384859669,0.00255172413793,-2.18880239122
2018-09-24 07:28:03,53.2077,-29.0197,980.0,3.804,34.902,-0.00366104051361,0.02848,2.1449,nan,nan,nan,0.000344728423492,6.29435340244,9.91375687735,27.7388202883,0.00408620689655,-2.18902978307
2018-09-24 07:28:03,53.2077,-29.0197,984.0,3.8,34.902,-0.00366104051431,0.02492,2.13285,nan,nan,nan,0.000307175543166,5.67295149282,9.91376912202,27.739254997,0.00255172413793,-3.51922790997
2018-09-24 07:28:03,53.2077,-29.0197,988.0,3.799,34.902,-0.00366104051455,0.02314,2.1449,nan,nan,nan,0.000357232494992,6.50126306797,9.91340178959,27.7393880737,0.00178448275862,-1.7461105624
2018-09-24 07:28:03,53.2077,-29.0197,992.0,3.796,34.902,-0.00366104051505,0.0267,2.169,nan,nan,nan,0.000317178798675,5.83847919727,9.91107572054,27.739722062,0.00331896551724,-3.16489259333
2018-09-24 07:28:03,53.2077,-29.0197,994.3,3.795,34.901,nan,nan,nan,nan,nan,nan,nan,nan,nan,27.7390448406,nan,nan
